{
    "cta_mean": -11.220297827356788,
    "cta_std": 166.23887974133092,
    "mri_mean": 172.68883960445532,
    "mri_std": 251.82810727850315
}